[null,{"name":"==Mails==","permissions":"NONE","restriction":"0","_id":"fCake","actions":[]},{"name":"mail","permissions":"NONE","restriction":"0","_id":"RwUfv","actions":[{"comment":"Store Bot Data","color":"#000000","name":"Comment"},{"info":"19","storage":"1","varName2":"prefix","name":"Store Bot Client Info"},{"comment":"Parameter","color":"#000000","name":"Comment"},{"condition":"0","comparison":"0","value":"1","iftrue":"0","iftrueVal":"","iffalse":"2","iffalseVal":"24","name":"Check Parameters"},{"message":"0","varName":"","info":"0","ParamN":"1","separator":"","storage":"1","varName2":"num","count":"","name":"Store Message Params"},{"storage":"1","varName":"num","comparison":"3","value":"10","iftrue":"0","iftrueVal":"","iffalse":"2","iffalseVal":"24","name":"Check Variable"},{"comment":"Store all Mail API","color":"#000000","name":"Comment"},{"token":"","user":"","pass":"","url":"https://api.testmail.app/api/json?apikey=f2388a55-774e-4dac-9001-fe0d74c39e8b&namespace=9iyl1&pretty=true","path":"$..emails.[${tempVars(\"num\")}].to","storage":"1","varName":"to","debugMode":"1","headers":"","reUse":"1","name":"Store Json From WebAPI"},{"token":"","user":"","pass":"","url":"https://api.testmail.app/api/json?apikey=f2388a55-774e-4dac-9001-fe0d74c39e8b&namespace=9iyl1&pretty=true","path":"$..emails.[${tempVars(\"num\")}].from","storage":"1","varName":"from","debugMode":"1","headers":"","reUse":"1","name":"Store Json From WebAPI"},{"token":"","user":"","pass":"","url":"https://api.testmail.app/api/json?apikey=f2388a55-774e-4dac-9001-fe0d74c39e8b&namespace=9iyl1&pretty=true","path":"$..emails.[${tempVars(\"num\")}].subject","storage":"1","varName":"subject","debugMode":"1","headers":"","reUse":"1","name":"Store Json From WebAPI"},{"token":"","user":"","pass":"","url":"https://api.testmail.app/api/json?apikey=f2388a55-774e-4dac-9001-fe0d74c39e8b&namespace=9iyl1&pretty=true","path":"$..emails.[${tempVars(\"num\")}].text","storage":"1","varName":"text","debugMode":"1","headers":"","reUse":"1","name":"Store Json From WebAPI"},{"token":"","user":"","pass":"","url":"https://api.testmail.app/api/json?apikey=f2388a55-774e-4dac-9001-fe0d74c39e8b&namespace=9iyl1&pretty=true","path":"$..emails.[${tempVars(\"num\")}].downloadUrl","storage":"1","varName":"url","debugMode":"1","headers":"","reUse":"1","name":"Store Json From WebAPI"},{"token":"","user":"","pass":"","url":"https://api.testmail.app/api/json?apikey=f2388a55-774e-4dac-9001-fe0d74c39e8b&namespace=9iyl1&pretty=true","path":"$..emails.[${tempVars(\"num\")}].id","storage":"1","varName":"id","debugMode":"1","headers":"","reUse":"1","name":"Store Json From WebAPI"},{"token":"","user":"","pass":"","url":"https://api.testmail.app/api/json?apikey=f2388a55-774e-4dac-9001-fe0d74c39e8b&namespace=9iyl1&pretty=true","path":"$..emails.[${tempVars(\"num\")}].attachments[1].downloadUrl","storage":"1","varName":"attachurl","debugMode":"1","headers":"","reUse":"1","name":"Store Json From WebAPI"},{"token":"","user":"","pass":"","url":"https://api.testmail.app/api/json?apikey=f2388a55-774e-4dac-9001-fe0d74c39e8b&namespace=9iyl1&pretty=true","path":"$..emails.[${tempVars(\"num\")}].attachments[1].filename","storage":"1","varName":"attachname","debugMode":"1","headers":"","reUse":"1","name":"Store Json From WebAPI"},{"comment":"Convert any raw code","color":"#000000","name":"Comment"},{"comment":"Send all Store Mail API into Discord","color":"#000000","name":"Comment"},{"title":"Arctic Email","author":"","color":"GREEN","timestamp":"true","url":"","authorIcon":"","imageUrl":"","thumbUrl":"","storage":"1","varName":"embed","name":"Create Embed Message"},{"storage":"1","varName":"embed","message":"To: `${tempVars(\"to\")}`\nFrom: `${tempVars(\"from\")}`\n\nSubject: `${tempVars(\"subject\")}`\n```${tempVars(\"text\")}```\n[Click here to view the full Email](${tempVars(\"url\")})","name":"Set Embed Description"},{"storage":"1","varName":"embed","message":"Email ID: ${tempVars(\"id\")}","footerIcon":"","name":"Set Embed Footer"},{"storage":"1","varName":"embed","channel":"0","varName2":"","storage3":"0","varName3":"","name":"Send Embed Message"},{"name":"End Action Sequence"},{"comment":"Error Message","color":"#000000","name":"Comment"},{"title":"Error","author":"","color":"RED","timestamp":"true","url":"","authorIcon":"","imageUrl":"","thumbUrl":"","storage":"1","varName":"errorembed","name":"Create Embed Message"},{"storage":"1","varName":"errorembed","message":"You need to enter the following:\n```\n${tempVars(\"prefix\")}mail 0 - 9\n```\n`0` for latest email\n`9` for oldest email","name":"Set Embed Description"},{"storage":"1","varName":"errorembed","channel":"0","varName2":"","storage3":"0","varName3":"","name":"Send Embed Message"}]},{"name":"latestmail","permissions":"NONE","restriction":"0","_id":"wZPaG","actions":[{"comment":"Store Bot Data","color":"#000000","name":"Comment"},{"info":"19","storage":"1","varName2":"prefix","name":"Store Bot Client Info"},{"comment":"Parameter","color":"#000000","name":"Comment"},{"token":"","user":"","pass":"","url":"https://api.testmail.app/api/json?apikey=f2388a55-774e-4dac-9001-fe0d74c39e8b&namespace=9iyl1&pretty=true","path":"$..emails.[0].to","storage":"1","varName":"to","debugMode":"1","headers":"","reUse":"1","name":"Store Json From WebAPI"},{"token":"","user":"","pass":"","url":"https://api.testmail.app/api/json?apikey=f2388a55-774e-4dac-9001-fe0d74c39e8b&namespace=9iyl1&pretty=true","path":"$..emails.[0].from","storage":"1","varName":"from","debugMode":"1","headers":"","reUse":"1","name":"Store Json From WebAPI"},{"token":"","user":"","pass":"","url":"https://api.testmail.app/api/json?apikey=f2388a55-774e-4dac-9001-fe0d74c39e8b&namespace=9iyl1&pretty=true","path":"$..emails.[0].subject","storage":"1","varName":"subject","debugMode":"1","headers":"","reUse":"1","name":"Store Json From WebAPI"},{"token":"","user":"","pass":"","url":"https://api.testmail.app/api/json?apikey=f2388a55-774e-4dac-9001-fe0d74c39e8b&namespace=9iyl1&pretty=true","path":"$..emails.[0].text","storage":"1","varName":"text","debugMode":"1","headers":"","reUse":"1","name":"Store Json From WebAPI"},{"token":"","user":"","pass":"","url":"https://api.testmail.app/api/json?apikey=f2388a55-774e-4dac-9001-fe0d74c39e8b&namespace=9iyl1&pretty=true","path":"$..emails.[0].downloadUrl","storage":"1","varName":"url","debugMode":"1","headers":"","reUse":"1","name":"Store Json From WebAPI"},{"token":"","user":"","pass":"","url":"https://api.testmail.app/api/json?apikey=f2388a55-774e-4dac-9001-fe0d74c39e8b&namespace=9iyl1&pretty=true","path":"$..emails.[0].id","storage":"1","varName":"id","debugMode":"1","headers":"","reUse":"1","name":"Store Json From WebAPI"},{"comment":"Send all Store Mail API into Discord","color":"#000000","name":"Comment"},{"title":"Arctic Email","author":"","color":"GREEN","timestamp":"true","url":"","authorIcon":"","imageUrl":"","thumbUrl":"","storage":"1","varName":"embed","name":"Create Embed Message"},{"storage":"1","varName":"embed","message":"__**Showing the latest successful email:**__\n\nTo: `${tempVars(\"to\")}`\nFrom: `${tempVars(\"from\")}`\n\nSubject: `${tempVars(\"subject\")}`\n```${tempVars(\"text\")}```\n[Click here to view the full Email](${tempVars(\"url\")})","name":"Set Embed Description"},{"storage":"1","varName":"embed","message":"Email ID: ${tempVars(\"id\")}","footerIcon":"","name":"Set Embed Footer"},{"storage":"1","varName":"embed","channel":"0","varName2":"","storage3":"0","varName3":"","name":"Send Embed Message"}]},{"name":"email","permissions":"NONE","restriction":"0","_id":"rvafD","actions":[{"comment":"Send all Store Mail API into Discord","color":"#000000","name":"Comment"},{"title":"Send your email to:","author":"","color":"","timestamp":"true","url":"","authorIcon":"","imageUrl":"","thumbUrl":"","storage":"1","varName":"embed","name":"Create Embed Message"},{"storage":"1","varName":"embed","message":"To test this bot out, email this following address:\n```\n9iyl1.test@inbox.testmail.app\n```\nYou can replace the `test` on the address.\nUseful for temp email or just joke around with the email address.","name":"Set Embed Description"},{"storage":"1","varName":"embed","channel":"0","varName2":"","storage3":"0","varName3":"","name":"Send Embed Message"}]},{"name":"mailcount","permissions":"NONE","restriction":"0","_id":"uTRiV","actions":[{"comment":"Store Bot Info","color":"#000000","name":"Comment"},{"info":"19","storage":"1","varName2":"prefix","name":"Store Bot Client Info"},{"comment":"Store all Mail API","color":"#000000","name":"Comment"},{"token":"","user":"","pass":"","url":"https://api.testmail.app/api/json?apikey=f2388a55-774e-4dac-9001-fe0d74c39e8b&namespace=9iyl1&pretty=true","path":"$..emails.[0].from","storage":"1","varName":"mail0","debugMode":"1","headers":"","reUse":"1","name":"Store Json From WebAPI"},{"token":"","user":"","pass":"","url":"https://api.testmail.app/api/json?apikey=f2388a55-774e-4dac-9001-fe0d74c39e8b&namespace=9iyl1&pretty=true","path":"$..emails.[1].from","storage":"1","varName":"mail1","debugMode":"1","headers":"","reUse":"1","name":"Store Json From WebAPI"},{"token":"","user":"","pass":"","url":"https://api.testmail.app/api/json?apikey=f2388a55-774e-4dac-9001-fe0d74c39e8b&namespace=9iyl1&pretty=true","path":"$..emails.[2].from","storage":"1","varName":"mail2","debugMode":"1","headers":"","reUse":"1","name":"Store Json From WebAPI"},{"token":"","user":"","pass":"","url":"https://api.testmail.app/api/json?apikey=f2388a55-774e-4dac-9001-fe0d74c39e8b&namespace=9iyl1&pretty=true","path":"$..emails.[3].from","storage":"1","varName":"mail3","debugMode":"1","headers":"","reUse":"1","name":"Store Json From WebAPI"},{"token":"","user":"","pass":"","url":"https://api.testmail.app/api/json?apikey=f2388a55-774e-4dac-9001-fe0d74c39e8b&namespace=9iyl1&pretty=true","path":"$..emails.[4].from","storage":"1","varName":"mail4","debugMode":"1","headers":"","reUse":"1","name":"Store Json From WebAPI"},{"token":"","user":"","pass":"","url":"https://api.testmail.app/api/json?apikey=f2388a55-774e-4dac-9001-fe0d74c39e8b&namespace=9iyl1&pretty=true","path":"$..emails.[5].from","storage":"1","varName":"mail5","debugMode":"1","headers":"","reUse":"1","name":"Store Json From WebAPI"},{"token":"","user":"","pass":"","url":"https://api.testmail.app/api/json?apikey=f2388a55-774e-4dac-9001-fe0d74c39e8b&namespace=9iyl1&pretty=true","path":"$..emails.[6].from","storage":"1","varName":"mail6","debugMode":"1","headers":"","reUse":"1","name":"Store Json From WebAPI"},{"token":"","user":"","pass":"","url":"https://api.testmail.app/api/json?apikey=f2388a55-774e-4dac-9001-fe0d74c39e8b&namespace=9iyl1&pretty=true","path":"$..emails.[7].from","storage":"1","varName":"mail7","debugMode":"1","headers":"","reUse":"1","name":"Store Json From WebAPI"},{"token":"","user":"","pass":"","url":"https://api.testmail.app/api/json?apikey=f2388a55-774e-4dac-9001-fe0d74c39e8b&namespace=9iyl1&pretty=true","path":"$..emails.[8].from","storage":"1","varName":"mail8","debugMode":"1","headers":"","reUse":"1","name":"Store Json From WebAPI"},{"token":"","user":"","pass":"","url":"https://api.testmail.app/api/json?apikey=f2388a55-774e-4dac-9001-fe0d74c39e8b&namespace=9iyl1&pretty=true","path":"$..emails.[9].from","storage":"1","varName":"mail9","debugMode":"1","headers":"","reUse":"1","name":"Store Json From WebAPI"},{"token":"","user":"","pass":"","url":"https://api.testmail.app/api/json?apikey=f2388a55-774e-4dac-9001-fe0d74c39e8b&namespace=9iyl1&pretty=true","path":"$..count","storage":"1","varName":"count","debugMode":"1","headers":"","reUse":"1","name":"Store Json From WebAPI"},{"token":"","user":"","pass":"","url":"https://api.testmail.app/api/json?apikey=f2388a55-774e-4dac-9001-fe0d74c39e8b&namespace=9iyl1&pretty=true","path":"$..limit","storage":"1","varName":"limit","debugMode":"1","headers":"","reUse":"1","name":"Store Json From WebAPI"},{"comment":"Send all Store Mail API into Discord","color":"#000000","name":"Comment"},{"title":"List of Send Emails","author":"","color":"","timestamp":"true","url":"","authorIcon":"","imageUrl":"","thumbUrl":"","storage":"1","varName":"embed","name":"Create Embed Message"},{"storage":"1","varName":"embed","message":"There's a total of `${tempVars(\"count\")}` of emails sent out of `10000`.\nHere's the top `10` latest email:\n\n`0` : `${tempVars(\"mail0\")}`\n`1` : `${tempVars(\"mail1\")}`\n`2` : `${tempVars(\"mail2\")}`\n`3` : `${tempVars(\"mail3\")}`\n`4` : `${tempVars(\"mail4\")}`\n`5` : `${tempVars(\"mail5\")}`\n`6` : `${tempVars(\"mail6\")}`\n`7` : `${tempVars(\"mail7\")}`\n`8` : `${tempVars(\"mail8\")}`\n`9` : `${tempVars(\"mail9\")}`\n\nTo access the mail, do `${tempVars(\"prefix\")}mail 0-9`","name":"Set Embed Description"},{"storage":"1","varName":"embed","channel":"0","varName2":"","storage3":"0","varName3":"","name":"Send Embed Message"}]},{"name":"==BotCommands==","permissions":"NONE","restriction":"1","_id":"CQQMZ","actions":[]},{"name":"help","permissions":"NONE","restriction":"1","_id":"uMJJw","actions":[{"info":"19","storage":"1","varName2":"prefix","name":"Store Bot Client Info"},{"info":"20","storage":"1","varName2":"id","name":"Store Bot Client Info"},{"member":"2","varName":"id","info":"2","storage":"1","varName2":"bot","name":"Store Member Info"},{"title":"Arctic Mail","author":"","color":"#7289d9","timestamp":"true","url":"https://arcticwoof.com.au","authorIcon":"","imageUrl":"","thumbUrl":"https://cdn.glitch.com/545a47ce-ccc1-4504-b8d1-23f5f7006051%2Fnewwolflogo.png?v=1585734339832","storage":"1","varName":"embed1","name":"Create Embed Message"},{"storage":"1","varName":"embed1","message":"__**Main Commands**__\n\n`${tempVars(\"prefix\")}mail 0-9` or `${tempVars(\"prefix\")}latestmail`: **Shows the following email or latest email**\n\n`${tempVars(\"prefix\")}mailcount`: **Shows all the email sent**\n\n`${tempVars(\"prefix\")}email`: **Check which email you need to sent to**\n\n📰 **Official Websites:**\n[Personal Hosting Service](https://my.arcticwoof.ga) | [Main Website](https://arcticwoof.com.au)","name":"Set Embed Description"},{"storage":"1","varName":"embed1","channel":"0","varName2":"","storage3":"1","varName3":"sendedEmbed1","name":"Send Embed Message"}],"comType":"0","_aliases":["cmd","cmds","h","?"]},{"name":"BotTest","temp":"","event-type":"4","_id":"PpMnj","actions":[{"comment":"Store Bot Info","color":"#000000","name":"Comment"},{"info":"20","storage":"1","varName2":"botname","name":"Store Bot Client Info"},{"info":"19","storage":"1","varName2":"prefix","name":"Store Bot Client Info"},{"comment":"Send Message","color":"#000000","name":"Comment"},{"title":"Arctic Mail","author":"","color":"GREEN","timestamp":"true","url":"https://arcticwoof.com.au","authorIcon":"","imageUrl":"","thumbUrl":"","storage":"1","varName":"embed","name":"Create Embed Message"},{"storage":"1","varName":"embed","message":"**Thanks for inviting <@!${tempVars(\"botname\")}>! So you wondering what do I do? Well I can:**\n`-` Be uses a temp email for verification\n`-` Sent a random email to my provided email and everybody who has me in their server can view it\n`-` Just basically a public Email for everybody to use\n`-` You can change the tag of my email to make it different from others\n**But since I'm connected using [testmail.app](https://testmail.app), I come with limitation:**\n`-` Luckly I have a subscription for this website so I can handle up to 10,000 emails per month. After the bot reaches this limit, you can't sent any email to me until next month.\n`-` Due to Discord Embed Limitation, I can only display few things on the embedded message but you can still view the whole email and attachments by clicking the email link provided.\n`-` Downside being that your email will be publicly visible from other users if you sent it from the bot's email so be sure you use this just for verification or just use a throwaway email to sent anything you like.\n\nYou can change the tag between `9iyl1.` and `@inbox.testmail.app`.\nFor example: `9iyl1.test@inbox.testmail.app` or `9iyl1.anythinghere@inboxmail.app`\n\nTo start using me, do `${tempVars(\"prefix\")}help` to show all the commands.\n\nHave fun! -ArcticWoof","name":"Set Embed Description"},{"storage":"1","varName":"embed","channel":"4","varName2":"","storage3":"0","varName3":"","name":"Send Embed Message"}],"restriction":"4","permissions":"NONE","_aliases":[]}]